blockNumber,timeStamp,hash,from,to,value,contractAddress,input,type,gas,gasUsed,traceId,isError,errCode,address_label,address,eth_value
25089599,2026/5/13 23:50,0xa1345bae5ed4720c78b31cb61bb80435c92c98998e92679dad5566bbe9af70f2,0x3b4d794a66304f130a4db8f2551b0070dfcf5ca7,0x1e034344f7ac9f1f5dfae55e53f5d597c13f76bc,4E+19,,,call,7798,0,0_1_1_1_1_1,0,,Split_2,0x1E034344f7Ac9F1f5DFaE55E53f5D597C13F76bc,40
25084267,2026/5/13 5:56,0xb9eef6133266488c495e4207daa33f69e5aefcfc666e632402e128051aabfee6,0x3b4d794a66304f130a4db8f2551b0070dfcf5ca7,0x1e034344f7ac9f1f5dfae55e53f5d597c13f76bc,3.7E+19,,,call,7798,0,0_1_1_1_1_1,0,,Split_2,0x1E034344f7Ac9F1f5DFaE55E53f5D597C13F76bc,37
25081930,2026/5/12 22:08,0xa11e6be5ba0f6d1c5baccc7de390b9e0e98ca7bc72676fda4051e766ff140403,0x3b4d794a66304f130a4db8f2551b0070dfcf5ca7,0x1e034344f7ac9f1f5dfae55e53f5d597c13f76bc,3E+19,,,call,92156,0,0_1_1_1_1_1,0,,Split_2,0x1E034344f7Ac9F1f5DFaE55E53f5D597C13F76bc,30
25072265,2026/5/11 13:49,0xcabd199a4a8563f4c9ee430d6a006f3ed02acb5d292f4c7fdfb32f025d256aba,0x3b4d794a66304f130a4db8f2551b0070dfcf5ca7,0x1e034344f7ac9f1f5dfae55e53f5d597c13f76bc,4E+19,,,call,160514,0,0_1_1_1_1_1,0,,Split_2,0x1E034344f7Ac9F1f5DFaE55E53f5D597C13F76bc,40
25054127,2026/5/9 1:06,0xec23b194fc265fd9dbb02e5a55f6cfa4ab3a730a79805a983e5c85bb3bfe3f9f,0x3b4d794a66304f130a4db8f2551b0070dfcf5ca7,0x1e034344f7ac9f1f5dfae55e53f5d597c13f76bc,1.8E+19,,,call,7798,0,0_1_1_1_1_1,0,,Split_2,0x1E034344f7Ac9F1f5DFaE55E53f5D597C13F76bc,18
25027610,2026/5/5 8:28,0x3b024ea4f43b4a43fdc60eadd39654e1c447eb37fc4262370c69f11e035f67c5,0x3b4d794a66304f130a4db8f2551b0070dfcf5ca7,0x1e034344f7ac9f1f5dfae55e53f5d597c13f76bc,2.95E+19,,,call,7551,0,0_1_1_1_1_1,0,,Split_2,0x1E034344f7Ac9F1f5DFaE55E53f5D597C13F76bc,29.5
24952203,2026/4/24 20:24,0xa85bc043f8788c02c416ee0feba217e7ddb09455809c5c4131220ea805f47e28,0x3b4d794a66304f130a4db8f2551b0070dfcf5ca7,0x1e034344f7ac9f1f5dfae55e53f5d597c13f76bc,1E+20,,,call,7917,0,0_1_1_1_1_1,0,,Split_2,0x1E034344f7Ac9F1f5DFaE55E53f5D597C13F76bc,100
24924316,2026/4/20 23:10,0x59f0f969f078e3ac5d7259718346811478329c59d2de97e934236a2bb63e6356,0x3b4d794a66304f130a4db8f2551b0070dfcf5ca7,0x1e034344f7ac9f1f5dfae55e53f5d597c13f76bc,3.1E+19,,,call,80624,0,0_1_1_1_1_1,0,,Split_2,0x1E034344f7Ac9F1f5DFaE55E53f5D597C13F76bc,31
24902935,2026/4/17 23:42,0x70d81bc84265ae6a2d3d8cebacc3f45685aeae97cc6188d6c9d6c218f1e89cf6,0x3b4d794a66304f130a4db8f2551b0070dfcf5ca7,0x1e034344f7ac9f1f5dfae55e53f5d597c13f76bc,2E+19,,,call,7551,0,0_1_1_1_1_1,0,,Split_2,0x1E034344f7Ac9F1f5DFaE55E53f5D597C13F76bc,20
24882336,2026/4/15 2:51,0xf0a8ad142ab8f554521a7479052261c3c6146ceddd9b96e722f31df50cd8ae97,0x3b4d794a66304f130a4db8f2551b0070dfcf5ca7,0x1e034344f7ac9f1f5dfae55e53f5d597c13f76bc,2.25E+19,,,call,77126,0,0_1_1_1_1_1,0,,Split_2,0x1E034344f7Ac9F1f5DFaE55E53f5D597C13F76bc,22.5
24856553,2026/4/11 12:39,0x0ae633cfca336205fd3e5a38651b73c265241c62a4f2f003e1cc54ad4fa52bae,0xee843b31a693a10442b1dd3abcb0dd733e7e2fe3,0x1e034344f7ac9f1f5dfae55e53f5d597c13f76bc,1000000000,,,call,3694424,0,0_1_1_1,0,,Split_2,0x1E034344f7Ac9F1f5DFaE55E53f5D597C13F76bc,1.00E-09
24855994,2026/4/11 10:47,0xac75c44003209310cb7b794bc48968a298a9a5b31465b41d581464a46ca33612,0xee8c4a7cb0c1a6d4b2685441786a0fcc1d192fe3,0x1e034344f7ac9f1f5dfae55e53f5d597c13f76bc,1000000000,,,call,1545267,0,0_1_1,0,,Split_2,0x1E034344f7Ac9F1f5DFaE55E53f5D597C13F76bc,1.00E-09
24855787,2026/4/11 10:05,0x43daff7ebed27c73649e195e8fc6998beac3485e6b7fa69554ebbc396df68467,0x3b4d794a66304f130a4db8f2551b0070dfcf5ca7,0x1e034344f7ac9f1f5dfae55e53f5d597c13f76bc,3.3E+19,,,call,7798,0,0_1_1_1_1_1,0,,Split_2,0x1E034344f7Ac9F1f5DFaE55E53f5D597C13F76bc,33
24842043,2026/4/9 12:05,0xba24e9493e2d12dff05c8e29a4ced6fdb4994b7beb884b2a2419a3fbafe7f087,0xee843b31a693a10442b1dd3abcb0dd733e7e2fe3,0x1e034344f7ac9f1f5dfae55e53f5d597c13f76bc,1E+11,,,call,2287464,0,0_1_1,0,,Split_2,0x1E034344f7Ac9F1f5DFaE55E53f5D597C13F76bc,1.00E-07
24841976,2026/4/9 11:52,0x6cff58f357600f64771ba1cc797c4c1e77ab93c031f112e38e366a7b9219b6a0,0xee843b31a693a10442b1dd3abcb0dd733e7e2fe3,0x1e034344f7ac9f1f5dfae55e53f5d597c13f76bc,1E+11,,,call,1760315,0,0_1_1,0,,Split_2,0x1E034344f7Ac9F1f5DFaE55E53f5D597C13F76bc,1.00E-07
24841858,2026/4/9 11:28,0xcc869c550791075c3fc0a36d71b513c8517570cea49bb85c10116567ea247c4d,0xee843b31a693a10442b1dd3abcb0dd733e7e2fe3,0x1e034344f7ac9f1f5dfae55e53f5d597c13f76bc,1E+11,,,call,1054767,0,0_1_1,0,,Split_2,0x1E034344f7Ac9F1f5DFaE55E53f5D597C13F76bc,1.00E-07
24841577,2026/4/9 10:31,0x7031eaab8b4a4628b3a27f75d0d79fa596fe69ef61e4041264205209aee11075,0x3b4d794a66304f130a4db8f2551b0070dfcf5ca7,0x1e034344f7ac9f1f5dfae55e53f5d597c13f76bc,5.1E+19,,,call,260576,0,0_1_1_1_1_1,0,,Split_2,0x1E034344f7Ac9F1f5DFaE55E53f5D597C13F76bc,51
24841277,2026/4/9 9:31,0xb395868a4cd58bafd09455fc471c63dcab981180907630b05ad5d2a2981c324b,0x3b4d794a66304f130a4db8f2551b0070dfcf5ca7,0x1e034344f7ac9f1f5dfae55e53f5d597c13f76bc,1E+17,,,call,7551,0,0_1_1_1_1_1,0,,Split_2,0x1E034344f7Ac9F1f5DFaE55E53f5D597C13F76bc,0.1
24831428,2026/4/8 0:34,0x7d6e33b926f233ed9a9f7510dd12e17def9c1216313449d91be452e06935daac,0x0ae94466996c9163bf90b7c6e3d24b03920c3b30,0x1e034344f7ac9f1f5dfae55e53f5d597c13f76bc,1.6E+11,,,call,441054,0,0_1_1,0,,Split_2,0x1E034344f7Ac9F1f5DFaE55E53f5D597C13F76bc,1.60E-07
24786771,2026/4/1 19:14,0x8e65a21c238f235fb24828bccf5265e74cca24531582cf237c5cf56f0c0eee7c,0x3b4d794a66304f130a4db8f2551b0070dfcf5ca7,0x1e034344f7ac9f1f5dfae55e53f5d597c13f76bc,2.1E+19,,,call,60950,0,0_1_1_1_1_1,0,,Split_2,0x1E034344f7Ac9F1f5DFaE55E53f5D597C13F76bc,21
24786062,2026/4/1 16:52,0x9c62ddeec4c38cb8d00477245fc54d8f8b99952f9d0423261590bf446981e605,0x3b4d794a66304f130a4db8f2551b0070dfcf5ca7,0x1e034344f7ac9f1f5dfae55e53f5d597c13f76bc,4.9E+19,,,call,7875,0,0_1_1_1_1_1,0,,Split_2,0x1E034344f7Ac9F1f5DFaE55E53f5D597C13F76bc,49
24782408,2026/4/1 4:37,0x583f0a50f529bbece6f3d890c9001b831d66cdc00eee1ebf3cfa4c6b5c3f4238,0x0ae94466996c9163bf90b7c6e3d24b03920c3b30,0x1e034344f7ac9f1f5dfae55e53f5d597c13f76bc,1.6E+11,,,call,996193,0,0_1_1,0,,Split_2,0x1E034344f7Ac9F1f5DFaE55E53f5D597C13F76bc,1.60E-07
24780535,2026/3/31 22:21,0xcb6fe498891f9b6dd42b08ea276649ef7754ff2544f72f5f763d73cac6b65402,0xee843b31a693a10442b1dd3abcb0dd733e7e2fe3,0x1e034344f7ac9f1f5dfae55e53f5d597c13f76bc,1E+11,,,call,1495446,0,0_1_1,0,,Split_2,0x1E034344f7Ac9F1f5DFaE55E53f5D597C13F76bc,1.00E-07
24780224,2026/3/31 21:18,0x508382aaa5453ea6af9af8512889b7160266112e5c636fc4185ebb45371af9e2,0xee8c4a7cb0c1a6d4b2685441786a0fcc1d192fe3,0x1e034344f7ac9f1f5dfae55e53f5d597c13f76bc,1000000000,,,call,598408,0,0_1_1,0,,Split_2,0x1E034344f7Ac9F1f5DFaE55E53f5D597C13F76bc,1.00E-09
24779691,2026/3/31 19:30,0xbce7ea4607f8fc8a2c2bfe3ae0f40a99a335ddce37762947f6b9d0c09f8889fb,0x3b4d794a66304f130a4db8f2551b0070dfcf5ca7,0x1e034344f7ac9f1f5dfae55e53f5d597c13f76bc,4.1E+19,,,call,7771,0,0_1_1_1_1_1,0,,Split_2,0x1E034344f7Ac9F1f5DFaE55E53f5D597C13F76bc,41
24773712,2026/3/30 23:30,0x11f0f7b6d3d546a653303c2c2af47425973fe16648d93b38046915ba7a827cac,0xee843b31a693a10442b1dd3abcb0dd733e7e2fe3,0x1e034344f7ac9f1f5dfae55e53f5d597c13f76bc,1E+11,,,call,243078,0,0_1_1,0,,Split_2,0x1E034344f7Ac9F1f5DFaE55E53f5D597C13F76bc,1.00E-07
24773101,2026/3/30 21:27,0x5a93937d2f943effcac03fe373e9f3334ca7df47a076462b0571083cb5447264,0xee8c4a7cb0c1a6d4b2685441786a0fcc1d192fe3,0x1e034344f7ac9f1f5dfae55e53f5d597c13f76bc,1000000000,,,call,1338985,0,0_1_1,0,,Split_2,0x1E034344f7Ac9F1f5DFaE55E53f5D597C13F76bc,1.00E-09
24772545,2026/3/30 19:36,0x64dd91584cb6a4162ce319e5f32f0bde8546a27f735ec5ed693751e628560e60,0x3b4d794a66304f130a4db8f2551b0070dfcf5ca7,0x1e034344f7ac9f1f5dfae55e53f5d597c13f76bc,5E+19,,,call,7551,0,0_1_1_1_1_1,0,,Split_2,0x1E034344f7Ac9F1f5DFaE55E53f5D597C13F76bc,50
24772180,2026/3/30 18:22,0x646dc0027863ae14be366c8aafec88a465e8cd0a4585d74bba79aab346a09ccf,0x0ae94466996c9163bf90b7c6e3d24b03920c3b30,0x1e034344f7ac9f1f5dfae55e53f5d597c13f76bc,1.6E+11,,,call,572321,0,0_1_1,0,,Split_2,0x1E034344f7Ac9F1f5DFaE55E53f5D597C13F76bc,1.60E-07
24771667,2026/3/30 16:39,0x2d7fb576271f79fd7e21ced3f99e5098e1c092e5210328c8c69becb36beea1e8,0xee843b31a693a10442b1dd3abcb0dd733e7e2fe3,0x1e034344f7ac9f1f5dfae55e53f5d597c13f76bc,1E+11,,,call,119348,0,0_1_1,0,,Split_2,0x1E034344f7Ac9F1f5DFaE55E53f5D597C13F76bc,1.00E-07
24770913,2026/3/30 14:08,0xd4874bafcf548e154a5082b0955a80527855d9f30668610829463b2652ac4060,0xee843b31a693a10442b1dd3abcb0dd733e7e2fe3,0x1e034344f7ac9f1f5dfae55e53f5d597c13f76bc,1E+11,,,call,667980,0,0_1_1,0,,Split_2,0x1E034344f7Ac9F1f5DFaE55E53f5D597C13F76bc,1.00E-07
24770656,2026/3/30 13:16,0x50aac7f687de85702d7dfc5a71b151e84eb7e5294379976679c8e17c37d3a9da,0x3b4d794a66304f130a4db8f2551b0070dfcf5ca7,0x1e034344f7ac9f1f5dfae55e53f5d597c13f76bc,6E+19,,,call,7786,0,0_1_1_1_1_1,0,,Split_2,0x1E034344f7Ac9F1f5DFaE55E53f5D597C13F76bc,60
24754685,2026/3/28 7:50,0x94c9bdf8f8205cd478a284fd59d2056015f852c8a1a19b95c49066b64d6c15a7,0xee843b31a693a10442b1dd3abcb0dd733e7e2fe3,0x1e034344f7ac9f1f5dfae55e53f5d597c13f76bc,1E+11,,,call,459762,0,0_1_1,0,,Split_2,0x1E034344f7Ac9F1f5DFaE55E53f5D597C13F76bc,1.00E-07
24754083,2026/3/28 5:50,0x7e7f5fe7c4660537f707f4d8a494917392a30077640d3a8dc72d2eae6d502458,0xee843b31a693a10442b1dd3abcb0dd733e7e2fe3,0x1e034344f7ac9f1f5dfae55e53f5d597c13f76bc,1E+11,,,call,100732,0,0_1_1,0,,Split_2,0x1E034344f7Ac9F1f5DFaE55E53f5D597C13F76bc,1.00E-07
24754078,2026/3/28 5:49,0x8661b1dd66ad97645a3d6112332e7c221651a617e739eb2859a01a9e0a25c452,0xee8f127fedd12e5b8362237a74205587916d2fe3,0x1e034344f7ac9f1f5dfae55e53f5d597c13f76bc,1000000000,,,call,1081291,0,0_1_1,0,,Split_2,0x1E034344f7Ac9F1f5DFaE55E53f5D597C13F76bc,1.00E-09
24752581,2026/3/28 0:49,0x5d03429651693715a5fb0b664095be370b0ae57a7176bac91b60c82dfffc6a27,0x3b4d794a66304f130a4db8f2551b0070dfcf5ca7,0x1e034344f7ac9f1f5dfae55e53f5d597c13f76bc,6E+19,,,call,7798,0,0_1_1_1_1_1,0,,Split_2,0x1E034344f7Ac9F1f5DFaE55E53f5D597C13F76bc,60
24741146,2026/3/26 10:29,0x10b8258defadf9490fc9abec4dc38172cc678835ac745e19c7040e30738c08a4,0xee843b31a693a10442b1dd3abcb0dd733e7e2fe3,0x1e034344f7ac9f1f5dfae55e53f5d597c13f76bc,6.58E+11,,,call,144914,0,0_1_1,0,,Split_2,0x1E034344f7Ac9F1f5DFaE55E53f5D597C13F76bc,6.58E-07
24740474,2026/3/26 8:14,0x6b5f9a2912e68aefc7803105f66ea38d97d25c8cec752d00175f18b807d87bbe,0xee843b31a693a10442b1dd3abcb0dd733e7e2fe3,0x1e034344f7ac9f1f5dfae55e53f5d597c13f76bc,6.58E+11,,,call,430703,0,0_1_1,0,,Split_2,0x1E034344f7Ac9F1f5DFaE55E53f5D597C13F76bc,6.58E-07
24739869,2026/3/26 6:13,0x2559567175f0529c5350c6fe395c95f906baa65870efb10e8341122eb988eae8,0xee8f127fedd12e5b8362237a74205587916d2fe3,0x1e034344f7ac9f1f5dfae55e53f5d597c13f76bc,1000000000,,,call,1091045,0,0_1_1,0,,Split_2,0x1E034344f7Ac9F1f5DFaE55E53f5D597C13F76bc,1.00E-09
24739868,2026/3/26 6:12,0xe448b572e8741269137ca2e289e0b2447591f9a5cca40a22d5d957d477d3cc6b,0xee8f127fedd12e5b8362237a74205587916d2fe3,0x1e034344f7ac9f1f5dfae55e53f5d597c13f76bc,1000000000,,,call,1695358,0,0_1_1,0,,Split_2,0x1E034344f7Ac9F1f5DFaE55E53f5D597C13F76bc,1.00E-09
24738529,2026/3/26 1:44,0xdc757bdedfc2076eb4299bf404aa327aedd663e2cbb353af951bfb9d3cacd781,0x3b4d794a66304f130a4db8f2551b0070dfcf5ca7,0x1e034344f7ac9f1f5dfae55e53f5d597c13f76bc,3.7E+19,,,call,7771,0,0_1_1_1_1_1,0,,Split_2,0x1E034344f7Ac9F1f5DFaE55E53f5D597C13F76bc,37
24738067,2026/3/26 0:11,0xb817e7b57e5375199497b02245cf2e307011f115e5f43ed80a272e97e99e0e0d,0x8780d29dc144ed4f56451a1c85ecd318233807b3,0x1e034344f7ac9f1f5dfae55e53f5d597c13f76bc,1000000000,,,call,1859608,0,0_1_1,0,,Split_2,0x1E034344f7Ac9F1f5DFaE55E53f5D597C13F76bc,1.00E-09
24737771,2026/3/25 23:12,0x0f8d8c9cd7b3d8927fd1be0d69105a67a53edf2d2a6785a124ee7454a25f646c,0x3b4d794a66304f130a4db8f2551b0070dfcf5ca7,0x1e034344f7ac9f1f5dfae55e53f5d597c13f76bc,4.9E+19,,,call,7771,0,0_1_1_1_1_1,0,,Split_2,0x1E034344f7Ac9F1f5DFaE55E53f5D597C13F76bc,49
24735591,2026/3/25 15:54,0x1d490bd294ade1962e378672220b64724e72a2a7bbe5082713bfde207b962951,0xee843b31a693a10442b1dd3abcb0dd733e7e2fe3,0x1e034344f7ac9f1f5dfae55e53f5d597c13f76bc,6.58E+11,,,call,101808,0,0_1_1,0,,Split_2,0x1E034344f7Ac9F1f5DFaE55E53f5D597C13F76bc,6.58E-07
24735264,2026/3/25 14:49,0x0116ea7459de6fb97ae86ec0cd3dbf848da7fc893f97bee89ed6ab2361cc07ee,0xee843b31a693a10442b1dd3abcb0dd733e7e2fe3,0x1e034344f7ac9f1f5dfae55e53f5d597c13f76bc,6.58E+11,,,call,311425,0,0_1_1,0,,Split_2,0x1E034344f7Ac9F1f5DFaE55E53f5D597C13F76bc,6.58E-07
24734052,2026/3/25 10:44,0x3670708f8b48a710aed4a43347b3e2a5923a3c4a6fd855a14f96f8b3d2bbf4a2,0x3b4d794a66304f130a4db8f2551b0070dfcf5ca7,0x1e034344f7ac9f1f5dfae55e53f5d597c13f76bc,2E+19,,,call,7798,0,0_1_1_1_1_1,0,,Split_2,0x1E034344f7Ac9F1f5DFaE55E53f5D597C13F76bc,20
24706142,2026/3/21 13:20,0xbbbc0efc45c32a2d141b5efbda9e868f11708a2445d0fffa2747ace3279699d7,0xee8f127fedd12e5b8362237a74205587916d2fe3,0x1e034344f7ac9f1f5dfae55e53f5d597c13f76bc,1000000000,,,call,2746174,0,0_1_1,0,,Split_2,0x1E034344f7Ac9F1f5DFaE55E53f5D597C13F76bc,1.00E-09
24705683,2026/3/21 11:48,0xc61ce60ad6034a84a318adcb00c491bca67400d087bb1effde6080cdd5d56112,0x3b4d794a66304f130a4db8f2551b0070dfcf5ca7,0x1e034344f7ac9f1f5dfae55e53f5d597c13f76bc,4.7E+19,,,call,68139,0,0_1_1_1_1_1,0,,Split_2,0x1E034344f7Ac9F1f5DFaE55E53f5D597C13F76bc,47
